,precision,recall,f1-score,support
not sexist,0.6405579399141631,0.6761041902604756,0.6578512396694216,883.0
sexist,0.5445859872611465,0.5051698670605613,0.5241379310344828,677.0
accuracy,0.6019230769230769,0.6019230769230769,0.6019230769230769,0.6019230769230769
macro avg,0.5925719635876547,0.5906370286605185,0.5909945853519523,1560.0
weighted avg,0.5989085732820527,0.6019230769230769,0.5998230922682334,1560.0
