,precision,recall,f1-score,support
not sexist,0.714936247723133,0.8890147225368064,0.7925290257445735,883.0
sexist,0.7878787878787878,0.5376661742983752,0.6391571553994732,677.0
accuracy,0.7365384615384616,0.7365384615384616,0.7365384615384616,0.7365384615384616
macro avg,0.7514075178009605,0.7133404484175907,0.7158430905720233,1560.0
weighted avg,0.7465914398291448,0.7365384615384616,0.7259695666268601,1560.0
