,precision,recall,f1-score,support
not sexist,0.7524752475247525,0.8607021517553793,0.8029582673005811,883.0
sexist,0.7763636363636364,0.6307237813884786,0.6960065199674003,677.0
accuracy,0.7608974358974359,0.7608974358974359,0.7608974358974359,0.7608974358974359
macro avg,0.7644194419441944,0.745712966571929,0.7494823936339907,1560.0
weighted avg,0.7628421957580374,0.7608974358974359,0.7565439513104764,1560.0
